[
  {
    "question": "Which notational system uses only 0s and 1s?",
    "options": [
      "Hexadecimal",
      "Binary",
      "Octal",
      "Decimal"
    ],
    "answer": 1
  },
  {
    "question": "Convert the decimal number 15 into binary.",
    "options": [
      "1111",
      "1101",
      "1011",
      "1001"
    ],
    "answer": 0
  },
  {
    "question": "Processing speed is commonly measured in which unit?",
    "options": [
      "Mbps",
      "GHz",
      "KB",
      "Tbps"
    ],
    "answer": 1
  },
  {
    "question": "What is the FIRST step in the troubleshooting methodology?",
    "options": [
      "Test the theory",
      "Identify the problem",
      "Document findings",
      "Establish a plan of action"
    ],
    "answer": 1
  },
  {
    "question": "What does BIOS stand for?",
    "options": [
      "Basic Input/Output System",
      "Binary Integrated Operating Suite",
      "Base I/O Stack",
      "Board Interface Operating System"
    ],
    "answer": 0
  },
  {
    "question": "Which of the following is an example of an Internet of Things (IoT) device?",
    "options": [
      "Desktop workstation",
      "Thermostat",
      "Server",
      "Tape library"
    ],
    "answer": 1
  },
  {
    "question": "What is the primary purpose of a GPU?",
    "options": [
      "Provide wireless connectivity",
      "Render graphics in parallel",
      "Store long-term data",
      "Manage user permissions"
    ],
    "answer": 1
  },
  {
    "question": "Which is larger?",
    "options": [
      "1 GB",
      "1 TB",
      "1 MB",
      "1 KB"
    ],
    "answer": 1
  },
  {
    "question": "What does RAM primarily provide?",
    "options": [
      "Long-term storage",
      "Network access",
      "Short-term working memory",
      "Graphics rendering"
    ],
    "answer": 2
  },
  {
    "question": "What is the function of a NIC?",
    "options": [
      "Power conversion",
      "Network connectivity",
      "Data encryption",
      "Cooling"
    ],
    "answer": 1
  },
  {
    "question": "Which storage type is volatile?",
    "options": [
      "SSD",
      "RAM",
      "HDD",
      "Optical disc"
    ],
    "answer": 1
  },
  {
    "question": "Which device uses spinning magnetic platters?",
    "options": [
      "SSD",
      "NVMe",
      "HDD",
      "USB flash drive"
    ],
    "answer": 2
  },
  {
    "question": "A NAS is best described as:",
    "options": [
      "Local USB storage",
      "Network-attached storage",
      "Cloud SaaS",
      "Tape backup"
    ],
    "answer": 1
  },
  {
    "question": "Which connector is most common for wired Ethernet?",
    "options": [
      "RJ45",
      "USB-C",
      "HDMI",
      "Lightning"
    ],
    "answer": 0
  },
  {
    "question": "Which modular connector is used with fiber transceivers?",
    "options": [
      "SATA",
      "SFP",
      "RJ11",
      "VGA"
    ],
    "answer": 1
  },
  {
    "question": "HDMI stands for:",
    "options": [
      "High-density Machine Interface",
      "High-definition Multimedia Interface",
      "Host Device Media Interlink",
      "High-data Modular Interconnect"
    ],
    "answer": 1
  },
  {
    "question": "Virtualization vs. cloud computing: which is TRUE?",
    "options": [
      "Virtualization is always offsite",
      "Cloud requires no virtualization",
      "Virtualization abstracts hardware; cloud is a service model",
      "They are identical"
    ],
    "answer": 2
  },
  {
    "question": "Which cloud model provides virtual machines, networks, and storage to the customer?",
    "options": [
      "SaaS",
      "IaaS",
      "PaaS",
      "DaaS"
    ],
    "answer": 1
  },
  {
    "question": "SaaS stands for:",
    "options": [
      "Software as a Service",
      "Storage as a Service",
      "Security as a Service",
      "Servers as a Service"
    ],
    "answer": 0
  },
  {
    "question": "Which Wi‑Fi band has greater range but lower throughput?",
    "options": [
      "5 GHz",
      "6 GHz",
      "2.4 GHz",
      "60 GHz"
    ],
    "answer": 2
  },
  {
    "question": "Which application is best for writing letters?",
    "options": [
      "Spreadsheet",
      "Word processor",
      "Diagramming tool",
      "Database"
    ],
    "answer": 1
  },
  {
    "question": "Which tool enables online meetings and screen sharing?",
    "options": [
      "Email client",
      "Conferencing software",
      "Anti‑malware tool",
      "Disk manager"
    ],
    "answer": 1
  },
  {
    "question": "Which browser feature avoids saving history and cookies?",
    "options": [
      "Extensions",
      "Private browsing",
      "Bookmarks",
      "Pop‑up blocker"
    ],
    "answer": 1
  },
  {
    "question": "What does the browser cache store?",
    "options": [
      "Usernames only",
      "Temporary website files",
      "Keyboard shortcuts",
      "Encrypted emails"
    ],
    "answer": 1
  },
  {
    "question": "Which is a common Word document extension?",
    "options": [
      ".pptx",
      ".xlsx",
      ".docx",
      ".csv"
    ],
    "answer": 2
  },
  {
    "question": "Which software type lets a technician view/control a user desktop remotely?",
    "options": [
      "Remote support software",
      "Presentation app",
      "Media player",
      "IDE"
    ],
    "answer": 0
  },
  {
    "question": "GUI stands for:",
    "options": [
      "General User Input",
      "Graphical User Interface",
      "Global Unified Internet",
      "Grounded User Integration"
    ],
    "answer": 1
  },
  {
    "question": "Which productivity app is best to create charts from data?",
    "options": [
      "Word processor",
      "Spreadsheet",
      "Text editor",
      "PDF reader"
    ],
    "answer": 1
  },
  {
    "question": "AI stands for:",
    "options": [
      "Augmented Interconnect",
      "Artificial Intelligence",
      "Automated Interface",
      "Applied Internet"
    ],
    "answer": 1
  },
  {
    "question": "Which AI tool provides conversational interaction to users?",
    "options": [
      "Compiler",
      "Chatbot",
      "Hypervisor",
      "Switch"
    ],
    "answer": 1
  },
  {
    "question": "An interpreted language is typically:",
    "options": [
      "Compiled to machine code first",
      "Executed line by line at runtime",
      "Written only in assembly",
      "Stored as firmware"
    ],
    "answer": 1
  },
  {
    "question": "A variable is:",
    "options": [
      "A fixed constant",
      "A named storage location that can change",
      "A type of function",
      "A code comment"
    ],
    "answer": 1
  },
  {
    "question": "Which data type represents True/False?",
    "options": [
      "Integer",
      "Float",
      "Boolean",
      "String"
    ],
    "answer": 2
  },
  {
    "question": "A function is:",
    "options": [
      "A loop structure",
      "Reusable code that performs a task",
      "A database table",
      "A code comment"
    ],
    "answer": 1
  },
  {
    "question": "Pseudocode is used to:",
    "options": [
      "Compile code",
      "Describe logic in plain language",
      "Encrypt data",
      "Allocate memory"
    ],
    "answer": 1
  },
  {
    "question": "Which construct repeats a block of code?",
    "options": [
      "Branching",
      "Looping",
      "Commenting",
      "Casting"
    ],
    "answer": 1
  },
  {
    "question": "SQL is primarily a:",
    "options": [
      "Query language",
      "Compiled language",
      "Markup language",
      "Scripting language only"
    ],
    "answer": 0
  },
  {
    "question": "OOP stands for:",
    "options": [
      "Only One Process",
      "Object‑Oriented Programming",
      "Open Operating Platform",
      "Object Official Plan"
    ],
    "answer": 1
  },
  {
    "question": "Objects typically have:",
    "options": [
      "Methods and properties",
      "Ports and cables",
      "Pixels and frames",
      "Sectors and tracks"
    ],
    "answer": 0
  },
  {
    "question": "Which logic concept executes instructions repeatedly until a condition changes?",
    "options": [
      "Sequence",
      "Looping",
      "Branching",
      "Recursion only"
    ],
    "answer": 1
  },
  {
    "question": "Primary purpose of a database is to:",
    "options": [
      "Render graphics",
      "Store, organize, and query data",
      "Control network traffic",
      "Encrypt files"
    ],
    "answer": 1
  },
  {
    "question": "Which best contrasts flat file vs. database?",
    "options": [
      "Flat files support many users easily",
      "Databases handle concurrency and scale better",
      "Databases cannot index data",
      "Flat files are faster for all queries"
    ],
    "answer": 1
  },
  {
    "question": "A primary key is:",
    "options": [
      "A user password",
      "A unique identifier for a record",
      "A file encryption key",
      "A network security token"
    ],
    "answer": 1
  },
  {
    "question": "Which is a non‑relational database type?",
    "options": [
      "Document database",
      "Relational database",
      "Table database",
      "Spreadsheet database"
    ],
    "answer": 0
  },
  {
    "question": "SQL stands for:",
    "options": [
      "Structured Query Language",
      "Sequential Query List",
      "Standard Quick Link",
      "Storage Query Language"
    ],
    "answer": 0
  },
  {
    "question": "Which backup saves an entire system image?",
    "options": [
      "File backup",
      "System backup",
      "Differential only",
      "No backup"
    ],
    "answer": 1
  },
  {
    "question": "Data vs. information: which is TRUE?",
    "options": [
      "Information is raw; data is processed",
      "Data is raw facts; information is processed meaning",
      "Both are identical",
      "Data is always qualitative only"
    ],
    "answer": 1
  },
  {
    "question": "Which is a cloud backup location?",
    "options": [
      "External HDD only",
      "SD card",
      "Vendor cloud storage",
      "Optical disc"
    ],
    "answer": 2
  },
  {
    "question": "Which database type uses rows and columns with schemas?",
    "options": [
      "Key/Value",
      "Graph",
      "Relational",
      "Document"
    ],
    "answer": 2
  },
  {
    "question": "Data persistence refers to:",
    "options": [
      "Temporary cache only",
      "Data surviving beyond program execution",
      "Encryption of traffic",
      "GPU memory use"
    ],
    "answer": 1
  },
  {
    "question": "CIA triad means:",
    "options": [
      "Confidentiality, Integrity, Availability",
      "Compliance, Integrity, Access",
      "Confidentiality, Identity, Authentication",
      "Control, Inspection, Audit"
    ],
    "answer": 0
  },
  {
    "question": "Ensuring only authorized users can view data is:",
    "options": [
      "Integrity",
      "Availability",
      "Confidentiality",
      "Accounting"
    ],
    "answer": 2
  },
  {
    "question": "Phishing is:",
    "options": [
      "A hardware failure",
      "Social engineering via deceptive messages",
      "A firewall rule",
      "A type of encryption"
    ],
    "answer": 1
  },
  {
    "question": "Which helps prevent software piracy?",
    "options": [
      "Using licensed sources and product keys",
      "Disabling antivirus",
      "Sharing keys publicly",
      "Using unknown third‑party sites"
    ],
    "answer": 0
  },
  {
    "question": "Which is a strong password practice?",
    "options": [
      "Use 6 letters only",
      "Reuse across sites",
      "Use long, complex unique passwords",
      "Write passwords on monitor"
    ],
    "answer": 2
  },
  {
    "question": "Encryption is used to:",
    "options": [
      "Speed up CPU",
      "Protect data confidentiality",
      "Increase Wi‑Fi range",
      "Repair disks"
    ],
    "answer": 1
  },
  {
    "question": "Most recent Wi‑Fi security standard listed here:",
    "options": [
      "WPA",
      "WPA2",
      "WEP",
      "WPA3"
    ],
    "answer": 3
  },
  {
    "question": "VPN stands for:",
    "options": [
      "Virtual Private Network",
      "Verified Public Node",
      "Virtual Public Network",
      "Vendor Private Number"
    ],
    "answer": 0
  },
  {
    "question": "A firewall primarily:",
    "options": [
      "Analyzes spreadsheets",
      "Controls network traffic by policy",
      "Backs up databases",
      "Compiles code"
    ],
    "answer": 1
  },
  {
    "question": "Using two or more factors to log in is called:",
    "options": [
      "SSO",
      "MFA",
      "NAT",
      "ACL"
    ],
    "answer": 1
  },
  {
    "question": "DNS stands for:",
    "options": [
      "Domain Name System",
      "Distributed Network Service",
      "Data Numbering Scheme",
      "Domain Number Server"
    ],
    "answer": 0
  },
  {
    "question": "DHCP provides:",
    "options": [
      "Static routing",
      "Automatic IP addressing",
      "File transfers",
      "Email routing"
    ],
    "answer": 1
  },
  {
    "question": "Default TCP port for HTTP is:",
    "options": [
      "25",
      "110",
      "80",
      "443"
    ],
    "answer": 2
  },
  {
    "question": "Default TCP port for HTTPS is:",
    "options": [
      "445",
      "143",
      "21",
      "443"
    ],
    "answer": 3
  },
  {
    "question": "SMTP stands for:",
    "options": [
      "Simple Mail Transfer Protocol",
      "Secure Media Transport Protocol",
      "Standard Mail Transmission Policy",
      "Simple Message Text Protocol"
    ],
    "answer": 0
  },
  {
    "question": "IMAP stands for:",
    "options": [
      "Internal Mail Access Path",
      "Internet Message Access Protocol",
      "Integrated Mail Application Program",
      "Interactive Media Access Protocol"
    ],
    "answer": 1
  },
  {
    "question": "PaaS provides:",
    "options": [
      "Complete apps via browser",
      "Developer platforms and runtimes",
      "Raw virtual infrastructure",
      "Desktop streaming only"
    ],
    "answer": 1
  },
  {
    "question": "FTP is used to:",
    "options": [
      "Transfer files",
      "Send instant messages",
      "Resolve names",
      "Encrypt disks"
    ],
    "answer": 0
  },
  {
    "question": "VoIP stands for:",
    "options": [
      "Virtual Office Internet Protocol",
      "Voice over Internet Protocol",
      "Voltage over IP",
      "Video over Internal Path"
    ],
    "answer": 1
  },
  {
    "question": "Which acronym best represents cloud‑delivered apps?",
    "options": [
      "IaaS",
      "SaaS",
      "PaaS",
      "NAS"
    ],
    "answer": 1
  },
  {
    "question": "Malware is:",
    "options": [
      "Any unauthorized software that harms systems",
      "A network cable type",
      "A database query",
      "A firmware update"
    ],
    "answer": 0
  },
  {
    "question": "Which attack overwhelms services with traffic?",
    "options": [
      "Phishing",
      "DDoS",
      "Spoofing",
      "Smishing"
    ],
    "answer": 1
  },
  {
    "question": "Ransomware does what?",
    "options": [
      "Deletes users",
      "Encrypts files and demands payment",
      "Reconfigures routers",
      "Installs drivers"
    ],
    "answer": 1
  },
  {
    "question": "A rootkit aims to:",
    "options": [
      "Improve battery life",
      "Hide attacker presence with deep OS control",
      "Accelerate GPUs",
      "Patch kernels securely"
    ],
    "answer": 1
  },
  {
    "question": "Social engineering is:",
    "options": [
      "Exploiting human behavior to gain access",
      "Encrypting data at rest",
      "Using VLANs",
      "Cloud bursting"
    ],
    "answer": 0
  },
  {
    "question": "Two‑factor authentication is an example of:",
    "options": [
      "Multifactor authentication",
      "Single sign‑on",
      "Authorization only",
      "Encryption"
    ],
    "answer": 0
  },
  {
    "question": "MAC address refers to:",
    "options": [
      "Media Access Control hardware address",
      "Mandatory Access Code",
      "Memory Access Cache",
      "Management Account Credential"
    ],
    "answer": 0
  },
  {
    "question": "LAN vs. WAN: which is TRUE?",
    "options": [
      "LAN spans cities; WAN a building",
      "LAN is local; WAN covers large areas",
      "They are identical",
      "WAN always wireless"
    ],
    "answer": 1
  },
  {
    "question": "Which device routes packets between networks?",
    "options": [
      "Switch",
      "Router",
      "Bridge",
      "Access point"
    ],
    "answer": 1
  },
  {
    "question": "An access point primarily:",
    "options": [
      "Connects wireless clients to a network",
      "Encrypts databases",
      "Acts as a firewall",
      "Provides DNS resolution"
    ],
    "answer": 0
  },
  {
    "question": "HTML stands for:",
    "options": [
      "Hypertext Markup Language",
      "Host Transfer Markup Level",
      "Hyperlink Text Modeling",
      "High‑level Text Language"
    ],
    "answer": 0
  },
  {
    "question": "HTTP stands for:",
    "options": [
      "Hypertext Transfer Protocol",
      "Host Transport Program",
      "High‑throughput Protocol",
      "Hypertext Translation Process"
    ],
    "answer": 0
  },
  {
    "question": "Which protocol is HTTP secured with TLS?",
    "options": [
      "HTTPS",
      "SFTP",
      "FTPS",
      "SSH"
    ],
    "answer": 0
  },
  {
    "question": "CSS stands for:",
    "options": [
      "Cascading Style Sheets",
      "Computer Styling System",
      "Core Style Syntax",
      "Client Script Styles"
    ],
    "answer": 0
  },
  {
    "question": "Which language queries relational databases?",
    "options": [
      "CSS",
      "HTML",
      "SQL",
      "XML"
    ],
    "answer": 2
  },
  {
    "question": "Which is an optical storage medium?",
    "options": [
      "Blu‑ray Disc (BD‑ROM)",
      "SSD",
      "HDD",
      "NVMe module"
    ],
    "answer": 0
  },
  {
    "question": "Cloud storage is:",
    "options": [
      "Local SATA drive",
      "Offsite provider‑hosted storage accessed via Internet",
      "Tape library only",
      "USB stick"
    ],
    "answer": 1
  },
  {
    "question": "Which tool tests and verifies cables?",
    "options": [
      "Crimper",
      "Cable tester",
      "Tone generator",
      "Switch"
    ],
    "answer": 1
  },
  {
    "question": "An IP address is used to:",
    "options": [
      "Identify a host on a network",
      "Measure CPU speed",
      "Label a disk sector",
      "Authenticate users"
    ],
    "answer": 0
  },
  {
    "question": "URL stands for:",
    "options": [
      "Uniform Resource Locator",
      "Universal Routing Link",
      "Unified Reference Locator",
      "Universal Resource Link"
    ],
    "answer": 0
  },
  {
    "question": "A digital certificate is primarily used to:",
    "options": [
      "Provide code comments",
      "Bind a public key to an identity",
      "Increase Wi‑Fi speed",
      "Compress images"
    ],
    "answer": 1
  },
  {
    "question": "Accounting (in AAA) involves:",
    "options": [
      "Tracking and logging user actions",
      "Assigning permissions",
      "Authenticating identity",
      "Encrypting data"
    ],
    "answer": 0
  },
  {
    "question": "MFA means requiring:",
    "options": [
      "One password per site",
      "Two or more independent authentication factors",
      "A PIN only",
      "A smartcard only"
    ],
    "answer": 1
  },
  {
    "question": "An IDS is designed to:",
    "options": [
      "Block all traffic by default",
      "Detect suspicious activity and alert",
      "Replace a firewall",
      "Encrypt data in transit"
    ],
    "answer": 1
  },
  {
    "question": "IDS vs IPS — which is TRUE?",
    "options": [
      "IDS blocks traffic; IPS only logs",
      "IDS detects/alerts; IPS can actively block",
      "They are identical",
      "Neither inspects packets"
    ],
    "answer": 1
  },
  {
    "question": "Which U.S. law protects healthcare information?",
    "options": [
      "HIPAA",
      "GDPR",
      "SOX",
      "GLBA"
    ],
    "answer": 0
  },
  {
    "question": "GDPR stands for:",
    "options": [
      "General Data Protection Regulation",
      "Global Data Privacy Rule",
      "Government Data Protection Requirement",
      "General Digital Privacy Regulation"
    ],
    "answer": 0
  },
  {
    "question": "Primary role of an IT help desk is to:",
    "options": [
      "Write compilers",
      "Provide end‑user support and incident tracking",
      "Manage payroll",
      "Design CPUs"
    ],
    "answer": 1
  },
  {
    "question": "Virtualization is:",
    "options": [
      "Using physical servers only",
      "Abstracting hardware to run multiple VMs",
      "A password policy",
      "A type of firewall"
    ],
    "answer": 1
  },
  {
    "question": "A hybrid cloud is:",
    "options": [
      "Only on‑premises",
      "Only public cloud",
      "Mix of on‑premises/private and public cloud",
      "Only private cloud"
    ],
    "answer": 2
  }
]